Tamaño muestra,Tiempo[ms]
100,130014
200,705665
300,1.9987e+06
400,3.11033e+06
500,8.08447e+06
