Tamaño muestra,Tiempo[ms]
100,49356.9
200,295693
300,723886
400,1.50637e+06
500,2.95128e+06
